,catId,id,name
0,1,1,Buku & Bangunan
1,1,2,Buku Codes & Standar
2,1,3,Buku Dekorasi & Ornamen
3,1,4,Buku Desain Dapur
4,1,5,Buku Desain Kamar
5,1,6,Buku Desain Ruang Keluarga
6,1,7,Buku Desain Ruang Tamu
7,1,8,Buku Desain Rumah
8,1,9,Buku Interior & Eksterior
9,1,10,Buku Metode & Material Bangunan
10,1,11,Buku Taman
11,2,12,Persiapan Tes CPNS
12,2,13,Persiapan Tes TOELF & IELTS
13,2,14,Persiapan TPA & Psikotest
14,3,15,Buku Aktivitas
15,3,16,Buku Cerita Anak
16,3,17,Buku Dongeng
17,3,18,Buku Dunia Pengetahuan
18,3,19,Buku Fabel
